"DESCRIPTION","DURATION IN MS","NAME","PARENT SUITE","START TIME","STATUS","STOP TIME","SUB SUITE","SUITE","TEST CLASS","TEST METHOD"
"","1208","visual (visual_user) - can login","chromium","2026-09-01","passed","2026-09-01","SauceDemo - login with all known users","ui\login-data-driven.spec.ts","",""
"","6368","performanceGlitch (performance_glitch_user) - can login","chromium","2026-09-01","passed","2026-09-01","SauceDemo - login with all known users","ui\login-data-driven.spec.ts","",""
"","2557","standard (standard_user) - can login","chromium","2026-09-01","passed","2026-09-01","SauceDemo - login with all known users","ui\login-data-driven.spec.ts","",""
"","1088","lockedOut (locked_out_user) - cannot login","chromium","2026-09-01","passed","2026-09-01","SauceDemo - login with all known users","ui\login-data-driven.spec.ts","",""
"","2894","has title","chromium","2026-09-01","passed","2026-09-01","","ui\example.spec.ts","",""
"","9110","test","chromium","2026-09-01","passed","2026-09-01","","ui\demoqa-form.spec.ts","",""
"","7730","Login with valid credentials","chromium","2026-09-01","failed","2026-09-01","","ui\cart.spec.ts","",""
"","1498","error (error_user) - can login","chromium","2026-09-01","passed","2026-09-01","SauceDemo - login with all known users","ui\login-data-driven.spec.ts","",""
"","1661","get started link","chromium","2026-09-01","passed","2026-09-01","","ui\example.spec.ts","",""
"","2999","problem (problem_user) - can login","chromium","2026-09-01","passed","2026-09-01","SauceDemo - login with all known users","ui\login-data-driven.spec.ts","",""
"","6890","Select API and Mobile Beta Testing plan from the About > Pricing flow","chromium","2026-09-01","passed","2026-09-01","SauceDemo - navigate to Sauce Labs pricing","ui\saucelabs-pricing-navigation.spec.ts","",""
